integration_area,candidate_platform,official_pricing_url,pricing_checked_on,free_tier,student_education_benefit,startup_credit,estimated_cost_dev,estimated_cost_beta,estimated_cost_prod,benefits,drawbacks,complexity,best_fit_for_repo,recommendation_reason
Frontend Hosting,Vercel,https://vercel.com/pricing,2026-03-06,"Hobby: unlimited static deploys; 100GB bandwidth/month; Serverless Functions 100GB-hrs","GitHub Student Pack: Pro plan free while student","N/A (Student Pack covers Pro)",₹0/month,₹0-1680/month (Pro if needed),₹1680/month (Pro ₹20),Edge network; zero-config Vite deploy; instant preview URLs; SPA rewrites via vercel.json; Analytics built-in,Serverless function cold starts; vendor lock-in on edge features; hobby plan has 100GB bandwidth cap,Low,YES,"Already configured (vercel.json + SPA rewrite exists); GitHub Student Pack Pro is free; zero migration cost; best DX for Vite+React"
Frontend Hosting,Netlify,https://www.netlify.com/pricing/,2026-03-06,"Free: 100GB bandwidth/month; 300 build min/month; 1 concurrent build","GitHub Student Pack: $10 credit (limited)","N/A",₹0/month,₹0-1596/month,₹1596/month (Pro ₹19),Forms; split testing; identity; edge functions; generous free tier,Slower build times than Vercel for Vite; $10 student credit burns fast; no vercel.json equivalent so migration needed,Low,MAYBE,"Viable alternative if Vercel Student Pack expires; comparable free tier but requires removing vercel.json config"
Frontend Hosting,Cloudflare Pages,https://pages.cloudflare.com/,2026-03-06,"Free: unlimited requests; unlimited bandwidth; 500 builds/month; Workers included","No direct Student Pack benefit","N/A — Workers free tier is generous",₹0/month,₹0/month,₹0-2000/month (Workers usage),Unlimited bandwidth and requests; no egress fees; global CDN at 300+ PoPs; DDoS protection free; Workers for SSR,No vercel.json support (migration needed); Workers API differs from Vercel serverless; smaller ecosystem than Vercel,Medium,MAYBE,"Best for zero-bandwidth-cost hosting at scale; no egress fees matter for India; good upgrade path if Vercel costs escalate"
Frontend Hosting,Render Static,https://render.com/pricing,2026-03-06,"Free: unlimited static sites; automatic TLS; global CDN","GitHub Student Pack: $10 credit","N/A",₹0/month,₹0/month,₹0/month (static is always free),Simple deploy from Git; HTTPS automatic; works with Vite build,Less mature CDN than Vercel/Cloudflare; no edge functions; fewer integrations; smaller community,Low,LOW,"Static hosting is free but CDN performance in India is weaker than Vercel/Cloudflare; best as fallback only"
Backend Hosting,Render,https://render.com/pricing,2026-03-06,"Free: 512MB RAM; spins down after 15min inactivity; 750 hrs/month","GitHub Student Pack: $10 credit","N/A",₹0/month (free tier; expect cold starts),₹588/month (Starter $7),₹5000/month (Standard $25 × 2 instances),Simple Git-based deploy; PostgreSQL add-on; Redis add-on; zero DevOps; auto-HTTPS; preview environments,Free tier spins down (bad for APIs); $10 student credit runs out fast; no persistent disk on free,Low,YES,"Easiest production path; GitHub Student Pack credit offsets first month; zero DevOps burden suits student team"
Backend Hosting,Railway,https://railway.app/pricing,2026-03-06,"Free: $5/month credits included in Hobby plan; usage-based beyond that","N/A (no Student Pack)","Hobby plan includes $5 free credit",₹0/month ($5 credit covers hobby usage),₹420/month (~$5 usage),₹3360-5040/month ($40-60 usage),Excellent DX; built-in PostgreSQL+Redis; usage-based pricing is fair; no cold starts; CLI is superb; monorepo support,Usage billing surprises; $5/month credit doesn't go far at scale; no Student Pack benefit,Low,YES,"Best developer experience; built-in DB+cache avoids separate services; usage-based pricing cheapest for beta; most beginner-friendly"
Backend Hosting,Fly.io,https://fly.io/docs/about/pricing/,2026-03-06,"Free: 3 shared-CPU-1x VMs; 3GB persistent volumes; 160GB outbound/month","N/A","N/A",₹0/month (free allowance),₹1008/month (~$12; 2 × shared-cpu-1x 256MB),₹8400/month (~$100 for production scale),True containerized deployment; persistent volumes; global regions including Singapore (nearest to India); no cold starts,Steeper learning curve (flyctl); requires Docker knowledge; Wireguard VPN for private networking; not beginner-friendly,High,MAYBE,"Good for production scale; Singapore region reduces latency for India; requires more DevOps than Railway/Render"
Backend Hosting,DigitalOcean App Platform,https://www.digitalocean.com/pricing/app-platform,2026-03-06,"Free: static sites only; Basic $5/month for apps","GitHub Student Pack: $200 credit for 1 year","N/A",₹0/month (Student Pack credit),₹420/month ($5 Basic),₹4200/month ($50 for 2-4 workers),Managed Kubernetes optional; $200 student credit covers ~3 months; good documentation; Bangalore region available,App Platform is basic compared to Railway; $5 Basic is limited (512MB RAM); needs upgrade for Node.js prod,Medium,MAYBE,"$200 Student Pack credit is valuable for initial months; Bangalore data center gives low latency for India users"
Backend Hosting,Google Cloud Run,https://cloud.google.com/run/pricing,2026-03-06,"Free: 2M requests/month; 360,000 vCPU-seconds; 180,000 GiB-seconds; 1GB egress/month","N/A (Google for Startups ≠ Student Pack)","$300 free credit for new accounts",₹0/month ($300 credit),₹500/month (~$6; pay-per-use at low traffic),₹3024/month (~$36 at moderate traffic),Scale to zero; pay per request; Mumbai region; integrates with Firebase/BigQuery; no idle cost,Cold starts on scale-to-zero; Docker required; GCP billing complexity; IAM setup overhead,High,MAYBE,"$300 free credit covers 3+ months of beta; Mumbai region is best latency for India; pay-per-request model ideal for variable traffic"
Database Hosting,Neon,https://neon.tech/pricing,2026-03-06,"Free: 0.5GB storage; 1 project; 10 branches; compute auto-suspends","GitHub Student Pack: Pro plan free for 1 year ($228 value)","N/A",₹0/month (Student Pack Pro),₹0/month (Student Pack Pro),₹1596/month ($19 Pro),Database branching (create DB clone per PR); serverless autoscaling; Postgres 16; Prisma-native integration; point-in-time restore,0.5GB free tier storage is tight; auto-suspend has cold starts; relatively new service,Low,YES,"GitHub Student Pack Pro (1 year) is outstanding value; branching feature perfect for team dev with shared PRs; Prisma + Neon is well-documented"
Database Hosting,Supabase Postgres,https://supabase.com/pricing,2026-03-06,"Free: 500MB DB; 1GB storage; 2 projects; 50MB file uploads","GitHub Student Pack: 1 year Pro free","N/A",₹0/month (Student Pack Pro),₹0/month (Student Pack),₹2100/month ($25 Pro),Postgres + Auth + Storage + Edge Functions in one; Row Level Security; real-time subscriptions; dashboard is excellent,Prisma + Supabase requires connection pooling (PgBouncer); free tier pauses after 1 week inactivity; opinionated,Medium,YES,"Student Pack Pro covers entire beta; if team wants to replace custom auth + S3 storage later, Supabase is a single-platform path"
Database Hosting,Railway Postgres,https://railway.app/pricing,2026-03-06,"Included in Railway Hobby plan $5/month credit","N/A","Included with Railway Hobby",₹0/month (included in Railway credit),₹300-500/month (usage-based),₹2000-3500/month (production),Zero-config when using Railway for backend; same billing; no separate service; 1-click provision,Usage-based billing can surprise; no branching; less DX than Neon for DB-only usage,Low,YES,"Best choice if using Railway for backend — single platform, single bill, zero extra config. Prisma works natively."
Database Hosting,Render Postgres,https://render.com/pricing,2026-03-06,"Free: 90-day trial then expires (NOT permanently free)","GitHub Student Pack: $10 credit","N/A",₹588/month ($7 Starter after free trial),₹588/month ($7 Starter),₹1596/month ($19 Standard),Managed; automated backups on paid tier; works with Render backend,Free tier expires after 90 days (no permanent free); data deleted on expiry; limited to 1GB on Starter; read replicas are expensive,Low,MAYBE,"Only consider if hosting backend on Render; free tier expiry is a student trap — always set a reminder; Neon/Supabase are better DB choices"
Database Hosting,PlanetScale,https://planetscale.com/pricing,2026-03-06,"Free: 5GB storage; 1 billion row reads/month","N/A","N/A",₹0/month,N/A — MySQL not Postgres,N/A — MySQL not Postgres,Branching like Git; great DX; free tier generous,MySQL dialect — incompatible with existing Prisma Postgres schema; would require rewriting all migrations,High,NO,"Schema is PostgreSQL-specific (Prisma). Migrating to MySQL requires rewriting all migrations and potentially query logic. Not viable."
Object Storage,AWS S3,https://aws.amazon.com/s3/pricing/,2026-03-06,"Free: 5GB storage; 20K GET; 2K PUT requests for 12 months","GitHub Student Pack: no direct S3 credit","AWS Activate for Startups (separate application)",₹0/month (12-month free tier),₹168-840/month ($2-10; storage + requests),₹1680-8400/month ($20-100 at scale),Industry standard; multer-s3 integration ready; lifecycle policies; versioning; 11-nines durability; Mumbai (ap-south-1) region,Egress fees from India are expensive; complex IAM; 12-month free tier expires; no free permanent tier; costly at scale,Medium,YES,"multer-s3 is the de facto Node.js upload library; Mumbai region (ap-south-1) provides low latency for Indian users; start with free tier"
Object Storage,Cloudflare R2,https://developers.cloudflare.com/r2/pricing/,2026-03-06,"Free: 10GB storage/month; 1M Class A ops (PUT/POST); 10M Class B ops (GET); no egress fees","N/A","N/A",₹0/month,₹0-672/month ($0-8; depends on storage),₹1344-5040/month ($16-60 at scale),Zero egress fees (massive saving for India); S3-compatible API; multer-s3 works; no cold starts; workers integration,No CDN URL by default (need R2 public bucket or custom domain); slightly less ecosystem tooling than S3,Low,YES,"Zero egress fees are best for India where data transfer costs are high; S3-compatible API means near-zero code change from S3; strongly recommended over S3 for cost"
Object Storage,Supabase Storage,https://supabase.com/pricing,2026-03-06,"Free: 1GB storage; 50MB max file size; included in Supabase free tier","GitHub Student Pack: 1 year Pro free","N/A",₹0/month (Student Pack),₹0/month (Student Pack),₹1764/month ($21 Pro),Integrated with Supabase Auth (RLS on storage); CDN included; image transformations,1GB free is tight; max 50MB file on free; tightly coupled to Supabase ecosystem,Low,MAYBE,"Only compelling if already using Supabase for DB+Auth. Otherwise R2 or S3 are better standalone choices."
Object Storage,Backblaze B2,https://www.backblaze.com/b2/cloud-storage-pricing.html,2026-03-06,"Free: 10GB storage forever; 1GB download/day free","N/A","N/A",₹0/month,₹420-840/month ($5-10),₹1680-5040/month ($20-60),$0.006/GB storage (75% cheaper than S3); S3-compatible API; Cloudflare partnership eliminates egress when used with Cloudflare CDN,No Indian region (nearest is US/EU); S3-compatible but some edge cases; smaller ecosystem,Low,YES,"10GB free forever + Cloudflare CDN partnership (zero egress with Cloudflare) = best budget storage. Works with multer-s3."
Email Service,Resend,https://resend.com/pricing,2026-03-06,"Free: 3K emails/month; 1 domain","N/A (not in GitHub Student Pack)","N/A",₹0/month,₹0/month (3K/month free covers beta),₹1680/month ($20 Pro; 50K emails),Modern API; React Email templates; best DX of any email service; already referenced in code TODOs; TypeScript SDK,Not in GitHub Student Pack; 3K/month free is limited for scale; newer service with less track record than SendGrid,Low,YES,"Already referenced in codebase TODOs (grep confirms); React Email + Resend is the modern Node.js email stack; 3K/month free covers all beta sends"
Email Service,Postmark,https://postmarkapp.com/pricing,2026-03-06,"Free: 100 emails/month (test only)","N/A","N/A",₹0/month,₹1260/month ($15; 10K messages),₹2520/month ($30; 25K messages),Best deliverability rates in industry; transactional focus; detailed bounce analytics; message streams,100 emails/month free is minimal; no Student Pack; more expensive than SendGrid/Resend at volume,Low,YES,"Best deliverability for OTP-style transactional emails (therapy booking confirmations, password resets). Worth the cost for critical emails."
Email Service,SendGrid,https://sendgrid.com/pricing/,2026-03-06,"Free: 100 emails/day forever (3K/month)","GitHub Student Pack: 1 year free Essentials (15K/month)","N/A",₹0/month (Student Pack),₹0/month (Student Pack; up to 15K/month),₹1680/month ($19.95; 50K/month),Generous free tier; Student Pack Essentials covers 15K/month; battle-tested; detailed analytics; Node.js SDK,Twilio acquisition caused product neglect; UI is dated; abuse (email spoofing) means deliverability can vary,Low,YES,"GitHub Student Pack free Essentials (15K emails/month) covers entire beta with no cost. Fall back to Resend for DX."
Email Service,Amazon SES,https://aws.amazon.com/ses/pricing/,2026-03-06,"Free: 62K emails/month if sent from EC2/Lambda; otherwise $0.10/1K","N/A","AWS Activate (separate)",₹0-₹84/month ($0-$1; very cheap),₹84-420/month ($1-5 at beta volume),₹840-4200/month ($10-50 at scale),Cheapest at scale ($0.10/1K); battle-tested; DKIM/SPF built-in,Complex sandbox setup requires domain verification + production access request; no good UI; need to implement bounce/complaint handling manually,High,MAYBE,"Cheapest option at production scale but significant setup overhead. Not recommended for students; use Resend/SendGrid first and migrate to SES when cost matters."
Email Service,Brevo,https://www.brevo.com/pricing/,2026-03-06,"Free: 300 emails/day (9K/month); unlimited contacts","N/A","N/A",₹0/month,₹0/month (9K/month free covers beta),₹2100/month (€25 Starter; 20K/month),Marketing + transactional in one; SMS also available; good free tier; GDPR compliant (EU-based),EU-centric (data stored in EU; latency concerns); no GitHub Student Pack; less DX focus than Resend,Low,MAYBE,"9K emails/month free is generous for beta. Good if you also need SMS marketing. Otherwise Resend/SendGrid are better developer choices."
Payment Gateway,Razorpay,https://razorpay.com/pricing/,2026-03-06,"Free: test dashboard; no monthly fee; pay per transaction only","N/A","N/A",₹0/month (test mode),₹0 + 2% per transaction,₹0 + 2% per transaction,Best India UPI/cards/netbanking support; instant settlements; already wired in codebase; INR-native; Razorpay Route for therapist payouts; dashboard excellent,2% transaction fee; international cards 3%; need GST invoice,Low,YES,"Already in codebase; best India payment coverage (UPI/PhonePe/GPay/cards/netbanking); Razorpay Route enables therapist commission splits. No alternative needed."
Payment Gateway,Stripe,https://stripe.com/en-in/pricing,2026-03-06,"Free: test mode; no monthly fee","N/A","Stripe Atlas for startups (separate)",₹0/month (test mode),₹0 + 2.9%+$0.30 per transaction,₹0 + 2.9%+$0.30 per transaction,International payments; excellent DX; Stripe Connect for marketplace; TypeScript types already in codebase,No UPI support; 2.9%+$0.30 per transaction is high in India; requires USD settlement for India pricing,Low,YES,"Use for international clients (NRIs, foreign therapists); already has TypeScript types in codebase. Run Stripe + Razorpay in parallel: Razorpay for India, Stripe for international."
Payment Gateway,Cashfree,https://www.cashfree.com/payment-gateway-charges/,2026-03-06,"Free: test sandbox; no monthly fee","N/A","N/A",₹0/month (test mode),₹0 + 1.75% per transaction,₹0 + 1.75% per transaction,Lower fees than Razorpay (1.75% vs 2%); UPI/cards/netbanking; good payouts API; Indian company; NBFC licensed,Less developer mindshare than Razorpay; smaller SDK ecosystem; fewer integrations,Low,MAYBE,"0.25% lower fee than Razorpay becomes significant at scale (saves ₹2,500 on every ₹10L of GMV). Consider as Razorpay replacement at growth stage."
Payment Gateway,PayU,https://payu.in/pricing,2026-03-06,"Free: test mode; no monthly fee","N/A","N/A",₹0/month (test mode),₹0 + 1.99% per transaction,₹0 + 1.99% per transaction,Popular in India; LazyPay BNPL integration; EMI options; good for enterprise,Older API design; less modern DX than Razorpay; onboarding takes longer,Medium,MAYBE,"More complex onboarding and older API makes it less suitable for student dev team. Use Razorpay first; consider PayU only if specific BNPL/EMI features are needed."
Video/WebRTC,Daily.co,https://www.daily.co/pricing,2026-03-06,"Free: 10K participant-minutes/month; HD video; screen share; recording API","N/A","N/A",₹0/month,₹2520/month (~$30; 100 sessions × 30min × 2 participants − free 10K mins),₹8400-25200/month ($100-300),Already in codebase (API key commented); React hooks (@daily-co/daily-react); excellent REST API; Mumbai TURN servers; HIPAA-compliant plan available,10K free minutes consumed by ~83 sessions/month; $0.00099/min after that; HIPAA plan costs extra,Low,YES,"Already in codebase; HIPAA-ready tier matters for therapy; React SDK is well-maintained. Activate existing API key to go live."
Video/WebRTC,100ms,https://www.100ms.live/pricing,2026-03-06,"Free: 10K minutes/month; recording; chat; screen share","N/A","N/A",₹0/month,₹1680-3360/month (~$20-40; 100 sessions post-free-tier),₹8400-16800/month ($100-200),Better React SDK than Daily.co; lower latency India PoPs; live streaming support; whiteboard built-in,10K min/month free is same as Daily.co; slightly more complex setup than Daily.co; newer company,Low,YES,"Better React SDK DX and lower latency from India PoPs (Mumbai/Chennai). Viable migration from Daily.co with minimal code change. Consider as primary for new projects."
Video/WebRTC,Agora,https://www.agora.io/en/pricing/,2026-03-06,"Free: 10K minutes/month; video + audio","N/A","Agora for Startups program (apply separately)",₹0/month,₹2520-5040/month ($30-60),₹8400-25200/month ($100-300),Largest WebRTC provider; extremely low latency; India PoPs; ML-based noise cancellation,Complex pricing matrix (video/audio/recording separate); SDK is C++ wrapper (less idiomatic); documentation harder to navigate; compliance docs complex,High,MAYBE,"Industry leader for latency but complexity overhead not worth it for student team. Use Daily.co or 100ms which are purpose-built for therapy/education use cases."
Video/WebRTC,Twilio Video,https://www.twilio.com/en-us/video/pricing,2026-03-06,"No meaningful free tier (extremely limited test room)","N/A","N/A",₹672/month ($8 minimum),₹3360-6720/month ($40-80; 100 sessions),₹16800-33600/month ($200-400),Twilio brand trust; HIPAA BAA available; Twilio ecosystem (SMS/email combined),Most expensive option ($0.004/participant-minute vs $0.001 for competitors); no free tier; being deprecated in favor of Twilio Live,Low,NO,"4× more expensive than Daily.co/100ms with no compensating advantages. Being deprecated. Do not use."
Video/WebRTC,LiveKit,https://livekit.io/pricing,2026-03-06,"Self-host: FREE (open source); Cloud: 50K minutes/month free","N/A","N/A",₹0/month (self-host or cloud free tier),₹0-840/month ($0-10 cloud; free tier generous),₹2520-8400/month ($30-100 cloud; or ~₹1000/month self-hosted on Hetzner),Open source and self-hostable; cloud option; WebRTC + SFU; React SDK; growing ecosystem,Self-hosting requires managing SFU server; cloud is newer with less track record; HIPAA compliance unclear,Medium,MAYBE,"Best option if the team wants no vendor lock-in. Self-host on Hetzner (₹1000/month) for full control. Good migration path from Daily.co."
AI/LLM,OpenAI GPT-4o,https://openai.com/api/pricing/,2026-03-06,"Free: $5 API credit for new accounts","N/A","N/A",₹0-420/month ($0-5; free credit),₹1512/month (~$18; 100 conversations × 20 msgs × 200 tokens),₹12600/month (~$150; 2000 conv/month),Best quality reasoning; already in codebase; largest ecosystem; function calling; vision; DALL-E 3 access; fine-tuning,Most expensive frontier model; $2.50/1M input tokens; privacy concerns for sensitive therapy data; requires HIPAA BAA (Enterprise tier),Low,YES,"Already referenced in codebase for AI journaling/therapy; use GPT-4o for complex therapy support tasks only. Pair with GPT-4o-mini for moderation/classification."
AI/LLM,OpenAI GPT-4o-mini,https://openai.com/api/pricing/,2026-03-06,"Free: $5 API credit for new accounts (shared with GPT-4o)","N/A","N/A",₹0/month,₹126-504/month (~$1.50-6; high volume),₹1260-5040/month ($15-60),93% cheaper than GPT-4o; good enough for moderation/classification/summaries; fast; already in codebase,Less capable for complex reasoning; not suitable for primary therapy AI,Low,YES,"Use GPT-4o-mini for: content moderation, mood classification, journal summaries, slot suggestions. Reserve GPT-4o for therapy session AI. Massive cost saving."
AI/LLM,Anthropic Claude 3.5 Haiku,https://www.anthropic.com/pricing,2026-03-06,"No free tier (API credits only on first signup)","N/A","N/A",₹0-840/month ($0-10; signup credit),₹672/month (~$8; 100 conv × 20 msgs × 200 tokens),₹8400/month (~$100 at scale),Excellent reasoning; less likely to produce harmful content (better safety training); Constitutional AI; good for therapy context,No free tier; $0.80/1M input tokens; no Indian data residency; privacy compliance unclear for Indian healthcare,Low,MAYBE,"Better safety guardrails make Claude suitable for therapy AI where harmful outputs must be avoided. Use as fallback model or for sensitive therapy conversations."
AI/LLM,Google Gemini 1.5 Flash,https://ai.google.dev/pricing,2026-03-06,"Free: 15 requests/min; 1M tokens/min; 1500 requests/day","N/A","$300 Google Cloud credit for new accounts",₹0/month (free tier generous),₹0-504/month ($0-6; free tier + Google Cloud credit),₹2520/month ($30; 2000 conv/month),Extremely cheap ($0.075/1M input tokens); generous free tier; multimodal (text+image+audio); Google Cloud integration,Less established for conversational AI; model behavior less predictable than OpenAI/Claude; Google privacy terms for Indian data,Low,MAYBE,"Best cost-per-token if quality is acceptable. Use for non-critical features (horoscope generation, mood trend summaries) where premium model quality isn't required."
AI/LLM,Groq,https://groq.com/pricing/,2026-03-06,"Free: 14.4K tokens/min on Llama 3.1 70B; 30 req/min","N/A","N/A",₹0/month (free tier for dev),₹0-420/month ($0-5),₹840-3360/month ($10-40),Extremely fast inference (10× faster than OpenAI); Llama 3.1 70B open weights; very cheap; low latency,Rate limits on free tier; Llama models slightly lower quality than GPT-4o for complex reasoning; no vision model; dependent on Groq hardware availability,Low,MAYBE,"Best for real-time chat features where latency matters (astrology chat, live journaling suggestions). Groq + Llama 3.1 70B free tier can handle development entirely."
Analytics,PostHog,https://posthog.com/pricing,2026-03-06,"Free: 1M events/month; 5K session recordings; feature flags; 1 year data retention","GitHub Student Pack: $50 credit","PostHog for Startups: $50K credits (apply)",₹0/month,₹0/month (1M events is generous),₹0-2100/month ($0-25 at scale),Open source (self-hostable); product analytics + session recording + feature flags + A/B testing + heatmaps in one; GDPR-friendly (self-host); React SDK,Self-hosting requires DevOps; 1M free events sounds like a lot but can go fast with tracking everything; EU data residency default,Low,YES,"Best analytics for startups: open source + generous free tier + GitHub Student Pack credit. Session recording helps identify UX issues in therapy booking funnel. Privacy-sensitive (HIPAA): self-host or use EU cloud."
Analytics,Plausible,https://plausible.io/pricing,2026-03-06,"No free tier (14-day trial); $9/month for up to 10K monthly pageviews","N/A","N/A",₹756/month ($9; no free tier),₹756/month ($9),₹756-1512/month ($9-18),GDPR-compliant by design; no cookies; lightweight (< 1KB script vs GA4's 45KB); perfect for privacy-sensitive platforms; EU-hosted,No free tier; limited funnel/cohort analysis vs PostHog; pageview-based pricing gets expensive at scale,Low,YES,"Ideal for Soul Yatri's privacy-sensitive wellness data. GDPR/DPDPA compliance built-in. No cookie banner needed. Low script weight improves page speed scores."
Analytics,Mixpanel,https://mixpanel.com/pricing/,2026-03-06,"Free: 20M events/month; unlimited data history; cohort analysis","N/A","N/A",₹0/month,₹0/month (20M events is very generous),₹2352/month ($28 Growth) or free if < 20M events,Powerful funnel analysis; cohort retention; A/B experiments; 20M free events is huge,Complex to set up properly; data governance for DPDPA compliance unclear; can send data to US servers by default,Medium,MAYBE,"20M events/month free is the most generous free tier. Good for deep funnel analysis (therapy booking, subscription conversion). But setup complexity is higher than PostHog."
Analytics,Google Analytics 4,https://analytics.google.com/,2026-03-06,"Free forever; unlimited events","N/A","N/A",₹0/month,₹0/month,₹0/month,Free; most widely used; integration with Google Ads/Search Console; BigQuery export free,Sends data to Google (GDPR/DPDPA concern for mental health platform); complex event model; data sampling at scale; India data may be stored in US,Low,NO,"Mental health/therapy data must not be shared with Google. DPDPA 2023 (India's privacy law) and PDPB considerations make GA4 a compliance risk for Soul Yatri."
Analytics,Amplitude,https://amplitude.com/pricing,2026-03-06,"Free: 10M events/month; unlimited sources; 1 year retention","N/A","Amplitude for Startups (separate application)",₹0/month,₹0/month (10M events/month covers beta),₹0-plus/month (Enterprise pricing not public),Best-in-class behavioral cohort analysis; Amplitude Charts are excellent; strong product analytics,10M events/month free is generous; but Enterprise tier pricing is opaque; GDPR compliance needs configuration,Medium,MAYBE,"10M free events covers initial production. Better behavioral analytics than PostHog for understanding therapy booking funnels. Consider if PostHog free tier is exceeded."
Error Monitoring,Sentry,https://sentry.io/pricing/,2026-03-06,"Free: 5K errors/month; 10K performance units; 1 user","GitHub Student Pack: 500K Sentry errors ($26 value)","Sentry for Startups program",₹0/month (Student Pack),₹0/month (Student Pack; 500K errors),₹2184/month ($26 Team; 100K errors),Industry standard for error monitoring; source maps; performance tracing; session replay; React + Node.js SDKs; already the de facto standard,500K errors/month in Student Pack burns fast if misconfigured; can be noisy; source map upload requires CI setup,Low,YES,"Industry standard; GitHub Student Pack 500K errors covers entire beta and early production. React + Express SDKs require minimal setup. Must-have for any production app."
Error Monitoring,BetterStack,https://betterstack.com/pricing,2026-03-06,"Free: 1GB logs/month; 3-day log retention; 5 monitors; 10 alerts","N/A","N/A",₹0/month,₹0-2100/month ($0-25 Logs; $0 Uptime monitoring),₹2100-4200/month ($25-50),Logs + uptime monitoring + incident management in one; beautiful UI; Pino integration (if using Pino logger),Less powerful error tracking than Sentry; more of a log aggregation + uptime tool,Low,MAYBE,"Best complement to Sentry: BetterStack for uptime monitoring (free tier) + Sentry for error tracking. Use BetterStack's free uptime monitoring from day one."
Error Monitoring,LogRocket,https://logrocket.com/pricing,2026-03-06,"Free: 1K sessions/month; 1 month data retention","N/A","N/A",₹0/month,₹0-8316/month ($0-99 Pro),₹8316/month ($99 Pro),Session replay + error tracking + network request logging; see exactly what user did before an error; React DevTools integration,Very expensive Pro tier ($99/month); 1K sessions/month free is limited; privacy concern (records user sessions — sensitive for therapy platform),Medium,MAYBE,"Session replay is powerful for debugging UX issues in therapy booking flow. BUT recording sessions on a mental health platform raises serious privacy concerns. Proceed with caution and explicit user consent."
Error Monitoring,Rollbar,https://rollbar.com/pricing/,2026-03-06,"Free: 5K events/month; 30-day retention; 1 user","N/A","N/A",₹0/month,₹1008/month ($12 Essentials; 25K events),₹2016/month ($24 Advanced),Real-time error alerting; deploy tracking; fingerprinting; good Node.js SDK,Less powerful than Sentry; smaller community; UI is dated,Low,MAYBE,"Viable Sentry alternative at lower cost. 5K/month free is same as Sentry but without Student Pack benefit. Choose Sentry over Rollbar for Student Pack credit."
Error Monitoring,Axiom,https://axiom.co/pricing,2026-03-06,"Free: 0.5TB ingest/month; 30-day retention","N/A","N/A",₹0/month,₹0/month,₹2100/month ($25 Pro),Next-gen log analytics; APL query language; very fast; Vercel integration native,More of a log analytics tool than error monitoring; requires custom instrumentation; not a drop-in Sentry replacement,Medium,MAYBE,"Excellent complement to Sentry on Vercel deployments — Axiom has native Vercel log drain integration. Use Axiom for structured logging + Sentry for error tracking."
Auth/Identity,Custom JWT (current),N/A,2026-03-06,"Free: fully implemented","N/A","N/A",₹0/month,₹0/month,₹0/month,HS256 access (15min) + refresh (7d httpOnly cookie); custom role support; full control; no vendor dependency; already live and tested,Maintenance burden; no social login (Google/Apple) out of box; MFA not implemented; security audit needed,Low,STAY,"Well-implemented custom JWT is a strength, not a weakness. Access token in-memory + httpOnly refresh cookie follows security best practices. Keep custom auth; add social login via Passport.js if needed."
Auth/Identity,Clerk,https://clerk.com/pricing,2026-03-06,"Free: 10K MAU; unlimited orgs; MFA; social logins","GitHub Student Pack: access included","N/A",₹0/month (Student Pack),₹0/month (Student Pack; 10K MAU),₹2100/month ($25 Pro; 10K+ MAU),Prebuilt UI components; social login (Google/Apple); MFA; user management dashboard; React hooks,Would require major refactor of all auth routes; replaces existing JWT system; less control; MAU-based pricing expensive at scale,High,MAYBE,"Only consider Clerk if the team wants to completely remove auth boilerplate. Given custom JWT is well-implemented, migration cost exceeds benefit for current stage."
Auth/Identity,Supabase Auth,https://supabase.com/auth,2026-03-06,"Free: unlimited MAU; social providers; email OTP","GitHub Student Pack: 1 year Pro free","N/A",₹0/month,₹0/month,₹2100/month ($25 Pro for DB tier),Social login; Row Level Security integration; magic links; phone OTP; free with Supabase DB,Tightly coupled to Supabase ecosystem; migrating away from Supabase Auth is painful; less control than custom JWT,Medium,MAYBE,"Only adopt if moving entire DB to Supabase. Don't adopt Supabase Auth alone — too much coupling. Custom JWT + Supabase DB is a valid hybrid."
Auth/Identity,Auth0,https://auth0.com/pricing,2026-03-06,"Free: 7500 MAU; 2 social connections","N/A","N/A",₹0/month,₹1932/month ($23 Essential; beyond 7500 MAU),₹7980/month ($95 Professional),Industry standard; enterprise SSO; HIPAA BAA available; MFA; anomaly detection,7500 MAU free then expensive ($23+); overkill for current stage; heavy SDK; complex setup; vendor lock-in,High,NO,"7500 MAU cap is hit quickly; $23+/month for a student project replaces a working auth system. Custom JWT is better for this stage. Auth0 makes sense at enterprise scale."
Auth/Identity,Better Auth,https://www.better-auth.com/,2026-03-06,"Free: open source; self-hosted","N/A","N/A",₹0/month,₹0/month,₹0/month,TypeScript-native; Prisma adapter exists; social login plugins; MFA plugin; session management; growing ecosystem; no vendor lock-in,Relatively new (2024); smaller community than Auth0/Clerk; fewer tutorials; API may change,Medium,MAYBE,"Worth watching as a future migration path from custom JWT. Prisma adapter means near-zero schema change. If custom JWT becomes a maintenance burden, Better Auth is the modern open-source replacement."
Queue/Background Jobs,BullMQ + Redis (Upstash),https://upstash.com/pricing,2026-03-06,"Upstash Redis free: 10K commands/day; 256MB; 1 database","N/A","N/A",₹0/month (Upstash free tier),₹0-840/month ($0-10 Upstash Redis),₹840-4200/month ($10-50 Upstash Redis Scale),Industry standard; already referenced in code TODOs; retry logic; delayed jobs; priority queues; cron jobs; BullMQ board for monitoring,Requires Redis (Upstash or self-hosted); BullMQ adds complexity vs in-memory; 10K commands/day free is limited,Medium,YES,"Already referenced in codebase TODOs. Upstash serverless Redis free tier covers dev; pay-as-you-go at beta. BullMQ is the standard for Node.js background jobs (email sends, video session cleanup, AI batch processing)."
Queue/Background Jobs,Trigger.dev,https://trigger.dev/pricing,2026-03-06,"Free: 50K job runs/month; 10 concurrent; 10 event sources","GitHub Student Pack: included","N/A",₹0/month (Student Pack),₹0/month (Student Pack; 50K runs),₹0-2100/month ($0-25 at growth),Excellent DX; TypeScript-native; no Redis required; retry UI; real-time logs; scheduled tasks; GitHub Student Pack access,Newer platform (2023); vendor dependency; less ecosystem than BullMQ; cloud-only (no self-host free),Low,YES,"GitHub Student Pack access + no Redis requirement makes this the easiest background job solution. Perfect for therapy booking confirmations, scheduled reminders, AI batch processing."
Queue/Background Jobs,Inngest,https://www.inngest.com/pricing,2026-03-06,"Free: 50K function runs/month; 3-day event log retention","N/A","N/A",₹0/month,₹0/month (50K runs/month),₹1260-2520/month ($15-30 at scale),TypeScript-first; event-driven; durable functions; step functions for complex workflows; great for multi-step therapy booking flows,Vendor dependency; event-driven model is a paradigm shift from BullMQ,Low,YES,"Best for complex multi-step workflows (book therapy → send confirmation → create video room → notify therapist). Durable functions handle partial failures elegantly. 50K/month free covers beta."
Queue/Background Jobs,Upstash QStash,https://upstash.com/pricing,2026-03-06,"Free: 500 requests/day; 5 schedules; 10K messages/month","N/A","N/A",₹0/month,₹0-420/month ($0-5),₹420-1260/month ($5-15),HTTP-based message queue; no server to manage; works with serverless; same Upstash account as Redis,500 requests/day free is very limited; HTTP-based means latency; not suitable for high-frequency jobs,Low,MAYBE,"Use QStash for simple webhook delivery and scheduled tasks (daily horoscope push, weekly report emails). Not suitable for high-frequency video session management jobs."
Queue/Background Jobs,Quirrel,N/A,2026-03-06,"Deprecated — no longer maintained","N/A","N/A",N/A,N/A,N/A,Was a simple job queue for Next.js/Vercel,DEPRECATED — project archived; no maintenance; security vulnerabilities unpatched,N/A,NO,"Project is archived and deprecated. The maintainer recommends Inngest as replacement. Do not use."
Real-time/WebSocket,ws library (current),https://github.com/websockets/ws,2026-03-06,"Free: open source; self-hosted","N/A","N/A",₹0/month,₹0/month,₹0/month,Lightweight; already implemented server-side; works on any Node.js host; no vendor dependency; full control,Manual reconnection logic needed client-side; no built-in rooms/namespaces; no presence; not wired to UI yet,Medium,STAY,"ws is already implemented and works well for current needs (real-time therapy session events). Connect it to React UI before considering upgrades. Add reconnection logic with ws heartbeat pattern."
Real-time/WebSocket,Socket.io,https://socket.io/,2026-03-06,"Free: open source; self-hosted","N/A","N/A",₹0/month,₹0/month,₹0/month,Rooms; namespaces; automatic reconnection; fallback to long-polling; larger ecosystem than ws; client library handles edge cases,Larger bundle size; abstraction over ws; requires Socket.io-compatible client (not plain ws),Medium,MAYBE,"Natural upgrade from ws if reconnection/rooms become painful to manage manually. Minimal migration effort — swap ws server for Socket.io server. Recommended for video therapy session signaling."
Real-time/WebSocket,Ably,https://ably.com/pricing,2026-03-06,"Free: 6M messages/month; 200 concurrent connections","GitHub Student Pack: 1 year free","N/A",₹0/month (Student Pack),₹0/month (Student Pack),₹2436/month ($29 Standard),Managed WebSocket infrastructure; 99.999% SLA; presence channels; history; pub/sub; push notifications; GitHub Student Pack 1 year free,Vendor dependency; ₹29/month after free tier; for most use cases ws/Socket.io is sufficient,Low,MAYBE,"GitHub Student Pack 1 year free is compelling. Use Ably if the team wants managed WebSocket without DevOps burden. Real-time presence ('therapist is typing') features work out of the box."
Real-time/WebSocket,Pusher,https://pusher.com/pricing,2026-03-06,"Free: 200K messages/day; 100 concurrent connections","GitHub Student Pack: included","N/A",₹0/month (Student Pack),₹0/month (Student Pack),₹4116/month ($49 Starter),Channels + Beams (push notifications); battle-tested; GitHub Student Pack access; easy to integrate,Expensive Pro tier; 200K messages/day sounds like a lot but isn't at scale; vendor lock-in,Low,MAYBE,"GitHub Student Pack + 200K messages/day free is generous for beta. Good if you also need mobile push notifications (Beams) in the same SDK."
Real-time/WebSocket,Supabase Realtime,https://supabase.com/docs/guides/realtime,2026-03-06,"Free: with Supabase free tier; 200 concurrent connections","GitHub Student Pack: 1 year Pro free","N/A",₹0/month (Student Pack),₹0/month (Student Pack),₹2100/month ($25 Pro),Postgres Change Data Capture → real-time subscriptions; presence; broadcast; integrated with Supabase Auth RLS,Tightly coupled to Supabase ecosystem; not useful without Supabase DB,Low,MAYBE,"Only relevant if migrating DB to Supabase. Supabase Realtime replaces ws for DB change notifications. Powerful for real-time therapy notes sync."
CDN/DNS,Cloudflare,https://www.cloudflare.com/plans/,2026-03-06,"Free: unlimited bandwidth; global CDN; DDoS protection; SSL; DNS; WAF (limited)","N/A","N/A",₹0/month,₹0/month,₹0-1680/month ($0-20 Pro for advanced WAF),Global CDN with India PoPs (Mumbai/Delhi/Chennai); DDoS mitigation; free SSL; DNS with sub-ms resolution; R2 integration; Workers; DNSSEC,Some advanced security features (bot management) require Pro/Business; Workers are separate pricing,Low,YES,"No-brainer: free CDN + DDoS protection + SSL + DNS from day one. Every Soul Yatri deployment should be behind Cloudflare regardless of other choices. Mumbai PoP ensures <50ms latency for Indian users."
CDN/DNS,AWS CloudFront,https://aws.amazon.com/cloudfront/pricing/,2026-03-06,"Free: 1TB data out/month; 10M HTTP(S) requests for 12 months (first year only)","N/A","$300 AWS free credit","₹0/month (12-month free tier)",₹840-4200/month ($10-50 after free tier),₹4200-21000/month ($50-250 at scale),Tightly integrated with S3/EC2/Route53; Lambda@Edge; Origin Shield; custom SSL certs via ACM,12-month free tier expires; India egress is expensive ($0.170/GB from Mumbai); complex pricing; overkill if not on AWS stack,High,MAYBE,"Only choose CloudFront if hosting on AWS (S3+EC2). For India-specific deployments, Cloudflare's Mumbai PoP offers better latency and zero cost."
CDN/DNS,Bunny.net,https://bunny.net/pricing/,2026-03-06,"Free: 14-day trial; 1TB free with GitHub Student Pack","GitHub Student Pack: 1TB free bandwidth","N/A",₹0/month (Student Pack),₹420-840/month ($5-10 after trial),₹840-4200/month ($10-50),Cheapest CDN ($0.005/GB); India PoPs; Storage zones; image optimizer; stream (video); very fast,Less feature-rich than Cloudflare; no WAF; no DDoS protection at free tier level; less ecosystem,Low,MAYBE,"GitHub Student Pack 1TB free is useful. Best budget CDN for media assets (audio/video recordings). Use Cloudflare for DNS/security + Bunny.net for asset delivery to save on bandwidth costs."
CDN/DNS,Fastly,https://www.fastly.com/pricing,2026-03-06,"No meaningful free tier (enterprise-focused)","N/A","N/A",₹0/month (trial only),₹8400+/month ($100+),₹42000+/month ($500+),Instant purge; edge computing; real-time log streaming; excellent SLA,Enterprise pricing only; no free tier; overkill for student project; minimum contract requirements,High,NO,"Enterprise CDN with enterprise pricing. No free tier. Cloudflare provides equivalent (or better) features at zero cost for this scale."
SMS/OTP,Twilio,https://www.twilio.com/en-us/sms/pricing/in,2026-03-06,"Free: $15 trial credit (test only; cannot send to unverified numbers)","GitHub Student Pack: $50 Twilio credit","N/A",₹0/month (Student Pack credit),₹664-1680/month ($8-20; 1000-2500 SMS to India),₹6720-16800/month ($80-200 at scale),International standard; reliable India delivery; GitHub Student Pack $50 credit; MMS; WhatsApp API,₹0.664/SMS to India is expensive vs Indian providers; DLT registration still required; trial restricts to verified numbers,Low,MAYBE,"GitHub Student Pack $50 credit covers ~7500 OTPs for testing. Good for dev/testing but switch to MSG91 or Fast2SMS for production to save 90%+ on SMS costs."
SMS/OTP,MSG91,https://msg91.com/pricing,2026-03-06,"No free tier; DLT registration required before any sends","N/A","N/A",₹0-500/month (depends on DLT registration cost),₹200-1000/month (1000-5000 OTPs × ₹0.20),₹1000-5000/month (5000-25000 OTPs),Best India SMS provider; OTP-specific API; flow builder; DLT-compliant out of box; WhatsApp API; ₹0.20/OTP,DLT registration is mandatory (TRAI) and takes 1-3 weeks; minimum recharge required; no free tier,Medium,YES,"Best production SMS provider for India. DLT-compliant, reliable, cheap (₹0.20/OTP). Start DLT registration early (3+ weeks lead time). Use Twilio Student Pack credit for dev testing while waiting for DLT approval."
SMS/OTP,Fast2SMS,https://www.fast2sms.com/dashboard/pricing,2026-03-06,"Free: ₹50 signup credit (~200 SMS)","N/A","N/A",₹50 credit on signup,₹30-150/month (1000-5000 OTPs × ₹0.03-0.25),₹300-1250/month at scale,Cheapest India SMS (₹0.03-0.25/SMS depending on route); quick onboarding; DLT route available; promotional and transactional SMS,DLT route required for transactional OTP; non-DLT route limited; less reliable than MSG91 for OTP delivery; support can be slow,Low,YES,"₹50 free signup credit gets you started immediately. ₹0.03/SMS promotional route for testing; ₹0.25/SMS DLT transactional for production OTPs. Best budget choice for student team."
SMS/OTP,2Factor.in,https://2factor.in/v3/pricing/,2026-03-06,"Free: limited trial on signup","N/A","N/A",₹0-200/month (trial),₹150-250/month (1000 OTPs × ₹0.15-0.25),₹750-1250/month (5000 OTPs),OTP-only focus; voice OTP fallback; DLT compliant; very reliable delivery for India OTP; simple REST API,OTP-focused only (no marketing SMS); pricing similar to MSG91; smaller ecosystem,Low,YES,"Best-in-class OTP delivery for India. Voice OTP fallback (for users who can't receive SMS) is unique differentiator — critical for elderly therapy clients who may prefer voice confirmation."
Monitoring/Observability,Grafana Cloud,https://grafana.com/pricing/,2026-03-06,"Free: 50GB metrics/month; 50GB logs/month; 10K traces/month; 50GB Loki logs","N/A","N/A",₹0/month,₹0/month,₹0-1680/month ($0-20 Pro),Full observability stack (Grafana + Prometheus + Loki + Tempo + k6); dashboards; alerting; Node.js metrics exporter easy,Setup requires metrics instrumentation; 50GB free sounds like a lot but compresses well; more DevOps than Sentry,High,MAYBE,"Best choice for infrastructure monitoring at scale. Grafana + Prometheus Node.js exporter can track API latency, DB query times, WebSocket connections. Free tier is generous."
Monitoring/Observability,New Relic,https://newrelic.com/pricing,2026-03-06,"Free: 100GB data ingest/month; 1 full platform user; unlimited basic users","N/A","New Relic for Students (separate)",₹0/month,₹0/month,₹0/month (100GB/month covers most prod usage),APM + logs + infrastructure + errors + synthetics in one; 100GB/month free is very generous; Node.js APM agent; React Browser agent,100GB free can be exceeded at scale; APM agent adds overhead; complex to configure properly; US data residency default,Medium,MAYBE,"100GB/month free covers most production workloads. Node.js APM agent auto-instruments Express.js routes — see exactly which API endpoints are slowest. Good Sentry complement."
Monitoring/Observability,Uptrace,https://uptrace.dev/pricing.html,2026-03-06,"Free: open source (self-host); Cloud: 1M spans/month free","N/A","N/A",₹0/month,₹0/month,₹0-1680/month ($0-20 Cloud),OpenTelemetry-native; distributed tracing; metrics; logs; open source self-hostable; excellent for microservices,Newer platform; smaller community; requires OpenTelemetry instrumentation; self-hosting adds overhead,Medium,MAYBE,"OpenTelemetry standard means no vendor lock-in. If Soul Yatri adds microservices (auth service, video service, AI service), distributed tracing via Uptrace is valuable."
Monitoring/Observability,Datadog,https://www.datadoghq.com/pricing/,2026-03-06,"Free: 14-day trial only; no permanent free tier","N/A","N/A",₹0/month (trial only),₹1260/month ($15/host),₹5040/month ($60/host × 3 hosts min),Industry-leading APM; DogStatsD; 450+ integrations; ML anomaly detection; compliance dashboards,No free tier after trial; $15/host/month minimum; at 3+ hosts = $45/month minimum; overkill for student project,High,NO,"No free tier after 14-day trial. Enterprise APM pricing ($15+/host/month) is unjustifiable for a student project. Use Sentry (error monitoring) + Grafana Cloud (metrics) for equivalent coverage at zero cost."
